Name,Position,Height,Weight,Academic Year,Hometown,Previous School,Year,School,From_US_State,Is_Transfer,Age
A.J.  Hoggard,G,75.0,220.0,Fr.,Pennsylvania,,2020,Michigan_State,True,False,18.0
Aaron Henry,F,78.0,210.0,Jr.,Indiana,,2020,Michigan_State,True,False,20.0
Aaron Wheeler,F,81.0,205.0,Jr.,Connecticut,,2020,Purdue,True,False,20.0
Aaron Wiggins,G,78.0,200.0,Jr.,North Carolina,,2020,Maryland,True,False,20.0
Abdou Tsimbila,F,80.0,235.0,Freshman,Cameroon,,2020,Penn_State,False,False,18.0
Abel Porter,G,75.0,200.0,R-Sr.,Utah,,2020,Ohio_State,True,False,22.0
Adam Miller,G,75.0,180.0,Fr.,Illinois,,2020,Illinois,True,False,18.0
Adrien Nunez,G,78.0,210.0,Jr.,New York,,2020,Michigan,True,False,20.0
Ahron Ulis,G,75.0,190.0,Fr.,Illinois,,2020,Iowa,True,False,18.0
Aidan  McCool,G,75.0,160.0,Fr.,South Carolina,,2020,Maryland,True,False,18.0
Aiden Terry,G,71.0,150.0,Fr.,Kentucky,,2020,Rutgers,True,False,18.0
Akol Arop,F,77.0,203.0,Sophomore,Nebraska,,2020,Nebraska,True,False,19.0
Aleem Ford,F,80.0,217.0,R-Sr.,Georgia,,2020,Wisconsin,True,False,22.0
Aljami Durham,G,76.0,185.0,Sr.,Georgia,,2020,Indiana,True,False,21.0
Andre Curbelo,G,73.0,175.0,Fr.,Puerto Rico,,2020,Illinois,False,False,18.0
Andy Christos,G,77.0,175.0,Freshman,New Jersey,,2020,Penn_State,True,False,18.0
Anthony Gaines,G,76.0,210.0,R-Jr.,New York,,2020,Northwestern,True,False,21.0
Anthony Leal,G,77.0,210.0,Fr.,Indiana,,2020,Indiana,True,False,18.0
Aquan  Smart,G,75.0,175.0,Fr.,Illinois,,2020,Maryland,True,False,18.0
Armaan Franklin,G,76.0,195.0,So.,Indiana,,2020,Indiana,True,False,19.0
Arnaud Revaz,F,82.0,215.0,Fr.,Switzerland,,2020,Maryland,False,False,18.0
Austin Ash,G,75.0,179.0,RS Jr.,Iowa,,2020,Iowa,True,False,21.0
Austin Davis,F,82.0,250.0,Gr.,Michigan,,2020,Michigan,True,False,23.0
Austin Hutcherson,G,78.0,180.0,R-Jr.,New York,,2020,Illinois,True,False,21.0
Ayo Dosunmu,G,77.0,200.0,Jr.,Illinois,,2020,Illinois,True,False,20.0
Ben Carlson,F,81.0,218.0,Fr.,Minnesota,,2020,Wisconsin,True,False,18.0
Benjamin Bosmans-Verdonk,F,80.0,235.0,R-Fr.,Belgium,,2020,Illinois,False,False,19.0
Boo Buie,G,74.0,180.0,So.,New York,,2020,Northwestern,True,False,19.0
Both Gach,G,78.0,185.0,Jr.,Minnesota,Arizona Compass Prep,2020,Minnesota,True,False,20.0
Brad Davison,G,76.0,202.0,Sr.,Minnesota,,2020,Wisconsin,True,False,21.0
Brandon Johns Jr.,F,80.0,240.0,Jr.,Michigan,,2020,Michigan,True,False,20.0
Brandon Johnson,F,80.0,220.0,R-Sr.,Illinois,Thea Bowman Leadership Academy,2020,Minnesota,True,False,22.0
Brandon Lieb,C,84.0,210.0,Fr.,Illinois,,2020,Illinois,True,False,18.0
Brandon Newman,G,77.0,195.0,R-Fr.,Indiana,,2020,Purdue,True,False,19.0
Brandon Wade,G,73.0,185.0,Jr.,Michigan,,2020,Michigan,True,False,20.0
Bret Porter,F,77.0,228.0,Redshirt Freshman,Nebraska,,2020,Nebraska,True,False,19.0
C.J. Baird,F,77.0,225.0,Sr.,Michigan,,2020,Michigan,True,False,21.0
CJ Fredrick,G,75.0,195.0,RS So.,Ohio,,2020,Iowa,True,False,20.0
CJ Walker,G,73.0,195.0,R-Sr.,Indiana,,2020,Ohio_State,True,False,22.0
Caleb Dorsey,F,79.0,230.0,Freshman,Maryland,,2020,Penn_State,True,False,18.0
Caleb McConnell,G,79.0,195.0,Jr.,Florida,,2020,Rutgers,True,False,20.0
Carson Barrett,G,77.0,215.0,Fr.,Indiana,,2020,Purdue,True,False,18.0
Carter Gilmore,F,79.0,215.0,Fr.,Wisconsin,,2020,Wisconsin,True,False,18.0
Carter Higginbottom,G,72.0,188.0,R-So.,Illinois,,2020,Wisconsin,True,False,20.0
Chase Audige,G,76.0,200.0,R-So.,New York,,2020,Northwestern,True,False,20.0
Chase Martin,G,75.0,195.0,Fr.,Missouri,,2020,Purdue,True,False,18.0
Chaundee Brown Jr.,G,77.0,215.0,Sr.,Florida,,2020,Michigan,True,False,21.0
Chol Marial,C,86.0,235.0,So.,South Sudan,,2020,Maryland,False,False,19.0
Chris McGraw,G,72.0,170.0,Sophomore,Ohio,,2020,Nebraska,True,False,19.0
Clifford Omoruyi,C,83.0,240.0,Fr.,Nigeria,,2020,Rutgers,False,False,18.0
Coleman Hawkins,F,82.0,215.0,Fr.,California,,2020,Illinois,True,False,18.0
Connor McCaffery,G/F,77.0,205.0,RS Jr.,Iowa,,2020,Iowa,True,False,21.0
Connor Serven,F,81.0,215.0,Fr.,Illinois,,2020,Illinois,True,False,18.0
Cooper Bybee,G,73.0,188.0,Sr.,Indiana,Olney Central,2020,Indiana,True,False,21.0
D'Mitrik Trice,G,72.0,184.0,R-Sr.,Ohio,,2020,Wisconsin,True,False,22.0
DJ Gordon,G,77.0,175.0,Freshman,Pennsylvania,,2020,Penn_State,True,False,18.0
Da'Monte Williams,G,75.0,215.0,Sr.,Illinois,,2020,Illinois,True,False,21.0
Dalano Banton,G,81.0,204.0,Sophomore,Ontario,,2020,Nebraska,False,False,19.0
Dallion Johnson,G,75.0,175.0,Freshman,Massachusetts,,2020,Penn_State,True,False,18.0
Daniel Lobach,F,79.0,210.0,Fr.,North Carolina,,2020,Rutgers,True,False,18.0
Darryl Morsell,G,77.0,200.0,Sr.,Maryland,,2020,Maryland,True,False,21.0
Davis Smith,G,73.0,185.0,Fr.,Georgia,,2020,Michigan_State,True,False,18.0
Dean Reiber,F,82.0,225.0,Fr.,North Carolina,,2020,Rutgers,True,False,18.0
Derrick Walker,F,80.0,232.0,Junior,Missouri,,2020,Nebraska,True,False,20.0
Dom Martinelli,G,76.0,200.0,Fy.,Illinois,,2020,Northwestern,True,False,18.0
Donta Scott,F,79.0,230.0,So.,Pennsylvania,,2020,Maryland,True,False,19.0
Duane Jr.,G,75.0,210.0,Sr.,Michigan,,2020,Ohio_State,True,False,21.0
Dylan Sandhu,G,76.0,165.0,R-So.,Michigan,,2020,Northwestern,True,False,20.0
E.J. Liddell,F,79.0,240.0,Jr.,Illinois,West,2020,Ohio_State,True,False,20.0
Edgar Padilla Jr.,G,73.0,165.0,Fr.,Puerto Rico,,2020,Illinois,False,False,18.0
Eduardo Andre,C,82.0,228.0,Freshman,England,,2020,Nebraska,False,False,18.0
Eli Brooks,G,73.0,185.0,Sr.,Pennsylvania,,2020,Michigan,True,False,21.0
Elijah Wood,G,77.0,174.0,Freshman,Maryland,,2020,Nebraska,True,False,18.0
Emmanuel Dowuona,C,82.0,245.0,So.,Florida,,2020,Purdue,True,False,19.0
Eric Ayala,G,77.0,200.0,Jr.,Delaware,,2020,Maryland,True,False,20.0
Eric Curry,F,81.0,240.0,R-Sr.,Tennessee,Southwest Christian Academy,2020,Minnesota,True,False,22.0
Eric Hunter Jr.,G,76.0,170.0,Jr.,Indiana,,2020,Purdue,True,False,20.0
Eric Zalewski,G,72.0,185.0,R-Jr.,Illinois,,2020,Northwestern,True,False,21.0
Ethan Morton,G,78.0,215.0,Fr.,Pennsylvania,,2020,Purdue,True,False,18.0
Eugene III,G,79.0,195.0,Jr.,Georgia,,2020,Ohio_State,True,False,20.0
Foster  Loyer,G,72.0,175.0,Jr.,Michigan,,2020,Michigan_State,True,False,20.0
Franz Wagner,G,81.0,220.0,So.,Germany,,2020,Michigan,False,False,19.0
Gabe Brown,F,80.0,210.0,Jr.,Michigan,,2020,Michigan_State,True,False,20.0
Gabe Kalscheur,G,76.0,200.0,Jr.,Minnesota,DeLaSalle,2020,Minnesota,True,False,20.0
Galin Smith,F,81.0,235.0,Sr.,Mississippi,,2020,Maryland,True,False,21.0
Geo Baker,G,76.0,195.0,Sr.,New Hampshire,,2020,Rutgers,True,False,21.0
Giorgi Bezhanishvili,F,81.0,245.0,Jr.,Georgia,,2020,Illinois,True,False,20.0
Hakim Hart,G,78.0,205.0,So.,Pennsylvania,,2020,Maryland,True,False,19.0
Harrison Hookfin,F,78.0,195.0,So.,Ohio,,2020,Ohio_State,True,False,19.0
Hunt Conroy,G,70.0,165.0,Sr.,Louisiana,Jesuit,2020,Minnesota,True,False,21.0
Hunter Dickinson,C,85.0,255.0,Fr.,Virginia,,2020,Michigan,True,False,18.0
Ibrahima Diallo,C,82.0,220.0,So.,Senegal,Prolific Prep,2020,Ohio_State,False,False,19.0
Isaiah Ihnen,F,81.0,220.0,So.,Germany,IBA Munich,2020,Minnesota,False,False,19.0
Isaiah Livers,F,79.0,230.0,Sr.,Michigan,,2020,Michigan,True,False,21.0
Isaiah Thompson,G,73.0,160.0,So.,Indiana,,2020,Purdue,True,False,19.0
Izaiah Brockington,G,76.0,200.0,Junior,Pennsylvania,,2020,Penn_State,True,False,20.0
Jace Howard,G,79.0,210.0,Fr.,Florida,,2020,Michigan,True,False,18.0
Jace Piatkowski,G,75.0,184.0,Redshirt Freshman,Nebraska,,2020,Nebraska,True,False,19.0
Jack Hoiberg,G,71.0,175.0,R-Jr.,Illinois,,2020,Michigan_State,True,False,21.0
Jack Nunge,F,83.0,245.0,RS So.,Indiana,,2020,Iowa,True,False,20.0
Jacob Grandison,G/F,78.0,205.0,R-Jr.,California,,2020,Illinois,True,False,21.0
Jacob Young,G,74.0,185.0,Sr.,Texas,,2020,Rutgers,True,False,21.0
Jade Brahmbhatt,G,72.0,160.0,Jr.,Maryland,,2020,Maryland,True,False,20.0
Jaden Ivey,G,76.0,200.0,Fr.,Indiana,,2020,Purdue,True,False,18.0
Jaden Jones,G,80.0,195.0,Fr.,Texas,,2020,Rutgers,True,False,18.0
Jairus Hamilton,F,80.0,235.0,Jr.,North Carolina,,2020,Maryland,True,False,20.0
"Jamal Mashburn, Jr.",G,74.0,175.0,Fr.,Florida,Brewster Academy,2020,Minnesota,True,False,18.0
Jamari Wheeler,G,73.0,170.0,Senior,Florida,,2020,Penn_State,True,False,21.0
James  Graham III,G,80.0,205.0,Fr.,Wisconsin,,2020,Maryland,True,False,18.0
Jansen Jr.,G,71.0,190.0,Gr.,Ohio,,2020,Ohio_State,True,False,23.0
Jared Wulbrun,G,70.0,170.0,Jr.,California,,2020,Purdue,True,False,20.0
Jaron Faulds,F,82.0,240.0,Sr.,Michigan,,2020,Michigan,True,False,21.0
Jarvis Omersa,F,78.0,235.0,Jr.,Minnesota,Orono,2020,Minnesota,True,False,20.0
Jermaine Hamlin,C,82.0,235.0,So.,Illinois,,2020,Illinois,True,False,19.0
Jerome Hunter,F,79.0,215.0,R-So.,Ohio,,2020,Indiana,True,False,20.0
Jimmy Sotos,G,75.0,200.0,Gr.,Illinois,,2020,Ohio_State,True,False,23.0
Joe Hedstrom,C,84.0,247.0,R-So.,Minnesota,,2020,Wisconsin,True,False,20.0
Joe Toussaint,G,72.0,190.0,So.,New York,,2020,Iowa,True,False,19.0
Joe Wieskamp,G/F,78.0,212.0,Jr.,Iowa,,2020,Iowa,True,False,20.0
Joey Brunk,C,83.0,255.0,R-Sr.,Indiana,Butler,2020,Indiana,True,False,22.0
Joey Hauser,F,81.0,220.0,R-Jr.,Wisconsin,,2020,Michigan_State,True,False,21.0
John Harrar,F,81.0,240.0,Senior,Pennsylvania,,2020,Penn_State,True,False,21.0
Johnny Davis,G,77.0,196.0,Fr.,Wisconsin,,2020,Wisconsin,True,False,18.0
Jordan Bohannon,G,73.0,175.0,RS Sr.,Iowa,,2020,Iowa,True,False,22.0
Jordan Davis,G,76.0,202.0,Fr.,Wisconsin,,2020,Wisconsin,True,False,18.0
Jordan Geronimo,F,78.0,220.0,Fr.,New Jersey,,2020,Indiana,True,False,18.0
Josh Ogundele,F,82.0,285.0,Fr.,England,,2020,Iowa,False,False,18.0
Joshua Langford,G,77.0,200.0,Gr.,Alabama,,2020,Michigan_State,True,False,23.0
Julius Marble II,F,80.0,225.0,So.,Texas,,2020,Michigan_State,True,False,19.0
Justice Sueing,F,78.0,210.0,R-Sr.,Hawaii,,2020,Ohio_State,True,False,22.0
Justin Ahrens,F,78.0,195.0,Sr.,,,2020,Ohio_State,False,False,21.0
Justin Taphorn,G,77.0,198.0,Fr.,Illinois,,2020,Wisconsin,True,False,18.0
Keegan Murray,F,80.0,215.0,Fr.,Iowa,,2020,Iowa,True,False,18.0
Khristian Lander,G,74.0,185.0,Fr.,Indiana,,2020,Indiana,True,False,18.0
Kobe Webster,G,72.0,172.0,Senior,Indiana,,2020,Nebraska,True,False,21.0
Kofi Cockburn,C,84.0,285.0,So.,Jamaica,,2020,Illinois,False,False,19.0
Kris Murray,F,80.0,215.0,Fr.,Iowa,,2020,Iowa,True,False,18.0
Kyle McCloskey,G,77.0,212.0,Junior,Pennsylvania,,2020,Penn_State,True,False,20.0
Kyle Young,F,80.0,225.0,Gr.,Ohio,,2020,Ohio_State,True,False,23.0
Lat Mayen,F,81.0,205.0,Junior,Australia,,2020,Nebraska,False,False,20.0
Liam Robbins,C,84.0,235.0,Jr.,Iowa,Assumption HS,2020,Minnesota,True,False,20.0
Lorne Bowman II,G,74.0,180.0,Fr.,Michigan,,2020,Wisconsin,True,False,18.0
Luka Garza,C,83.0,265.0,Sr.,D.C.,,2020,Iowa,True,False,21.0
Luke  Nathan,F,83.0,235.0,Jr.,New Jersey,,2020,Rutgers,True,False,20.0
Luke Wilson,G,72.0,175.0,Sr.,Colorado,,2020,Michigan,True,False,21.0
Mady Sissoko,C,81.0,235.0,Fr.,Mali,,2020,Michigan_State,False,False,18.0
Malik Hall,F,79.0,225.0,So.,Illinois,,2020,Michigan_State,True,False,19.0
Mamadou Doucoure,F,81.0,250.0,Jr.,Mali,,2020,Rutgers,False,False,20.0
Marcus Bingham Jr.,F,83.0,225.0,Jr.,Michigan,,2020,Michigan_State,True,False,20.0
Marcus Carr,G,74.0,195.0,R-Jr.,Ontario,Montverde Academy,2020,Minnesota,False,False,21.0
Marcus Dockery,G,74.0,180.0,Fr.,D.C.,,2020,Maryland,True,False,18.0
Martice Mitchell,F,82.0,200.0,Fr.,Illinois,Bloom,2020,Minnesota,True,False,18.0
Mason Gillis,F,78.0,230.0,R-Fr.,Indiana,,2020,Purdue,True,False,19.0
Matt Frost,F,77.0,200.0,So.,Indiana,,2020,Purdue,True,False,19.0
Matthew Nicholson,C,84.0,255.0,Fy.,Michigan,,2020,Northwestern,True,False,18.0
Mawot Mag,F,79.0,215.0,Fr.,Australia,,2020,Rutgers,False,False,18.0
Meechie Jr.,G,74.0,172.0,Fr.,Ohio,Garfield Heights,2020,Ohio_State,True,False,18.0
Micah Potter,F,82.0,248.0,R-Sr.,Ohio,,2020,Wisconsin,True,False,22.0
Michael Baer,F,79.0,215.0,RS Jr.,Iowa,,2020,Iowa,True,False,21.0
Michael Shipp,G,75.0,190.0,So.,Ohio,,2020,Indiana,True,False,19.0
Mike Smith,G,71.0,185.0,Gr.,Illinois,,2020,Michigan,True,False,23.0
Miller Kopp,F,79.0,215.0,Jr.,Texas,,2020,Northwestern,True,False,20.0
Montez Mathis,G,76.0,210.0,Jr.,Maryland,,2020,Rutgers,True,False,20.0
Musa Jallow,G,77.0,210.0,R-Jr.,Indiana,North,2020,Ohio_State,True,False,21.0
Myles Dread,G,76.0,220.0,Junior,Michigan,,2020,Penn_State,True,False,20.0
Myles Johnson,C,83.0,255.0,Jr.,California,,2020,Rutgers,True,False,20.0
Myreon Jones,G,75.0,180.0,Junior,Alabama,,2020,Penn_State,True,False,20.0
Nate Reuvers,F,83.0,235.0,Sr.,Minnesota,,2020,Wisconsin,True,False,21.0
Nathan Childress,F,78.0,212.0,So.,Indiana,,2020,Indiana,True,False,19.0
Nick  Brooks,G,73.0,185.0,Sr.,New Jersey,,2020,Rutgers,True,False,21.0
Oskar Palmquist,F,80.0,220.0,Fr.,Sweden,,2020,Rutgers,False,False,18.0
Parker Stewart,G,77.0,200.0,R-Jr.,Tennessee,UT-Martin/Pitt,2020,Indiana,True,False,21.0
Patrick Kelly,F,80.0,215.0,Redshirt Freshman,North Carolina,,2020,Penn_State,True,False,19.0
Patrick McCaffery,F,81.0,200.0,RS Fr.,Iowa,,2020,Iowa,True,False,
Paul  Mulcahy,G,78.0,210.0,So.,New Jersey,,2020,Rutgers,True,False,19.0
Pete Nance,F,82.0,225.0,Jr.,Ohio,,2020,Northwestern,True,False,20.0
Race Thompson,F,80.0,228.0,R-Jr.,Minnesota,,2020,Indiana,True,False,21.0
Reese Mona,G,74.0,185.0,Sr.,Maryland,,2020,Maryland,True,False,21.0
Rico Ozuna-Harrison,G,71.0,175.0,Sr.,Michigan,,2020,Michigan,True,False,21.0
Rob Phinisee,G,73.0,187.0,Jr.,Indiana,,2020,Indiana,True,False,20.0
Robbie Beran,F,81.0,215.0,So.,Virginia,,2020,Northwestern,True,False,19.0
Rocket Watts,G,74.0,185.0,So.,Michigan,,2020,Michigan_State,True,False,19.0
Ron Harper Jr. ,G,78.0,245.0,Jr.,New Jersey,,2020,Rutgers,True,False,20.0
Roy Dixon III,G,71.0,170.0,So.,Georgia,,2020,Northwestern,True,False,19.0
Ryan Greer,G,74.0,190.0,Jr.,Georgia,,2020,Northwestern,True,False,20.0
Ryan Young,C,82.0,245.0,R-So.,New Jersey,,2020,Northwestern,True,False,20.0
Sam Freeman,C,82.0,240.0,So.,Texas,Northwest,2020,Minnesota,True,False,19.0
Sam Sessoms,G,72.0,187.0,Junior,Pennsylvania,Binghamton,2020,Penn_State,True,False,20.0
Sasha Stefanovic,G,77.0,200.0,Jr.,Indiana,,2020,Purdue,True,False,20.0
Sebastien Scott,G,74.0,185.0,Fr.,California,,2020,Indiana,True,False,18.0
Seth Lundy,F,78.0,219.0,Sophomore,New Jersey,,2020,Penn_State,True,False,19.0
Seth Towns,F,81.0,230.0,Gr.,Ohio,,2020,Ohio_State,True,False,23.0
Shamiel Stevenson,G,78.0,245.0,Junior,Ontario,Nevada/Pitt,2020,Nebraska,False,False,20.0
Steven Crowl,F,84.0,217.0,Fr.,Minnesota,,2020,Wisconsin,True,False,18.0
Steven Izzo,G,68.0,150.0,So.,Michigan,,2020,Michigan_State,True,False,19.0
Taylor Nussbaum,G,74.0,175.0,Senior,New York,,2020,Penn_State,True,False,21.0
Teddy Allen,G,78.0,223.0,Junior,Arizona,,2020,Nebraska,True,False,20.0
Terrance Williams II,F,79.0,240.0,Fr.,Maryland,,2020,Michigan,True,False,18.0
Thomas Kithier,F,80.0,230.0,Jr.,Michigan,,2020,Michigan_State,True,False,20.0
Thorir Thorbjarnarson,G,78.0,202.0,Senior,Iceland,,2020,Nebraska,False,False,21.0
Tony Perkins,G,76.0,210.0,Fr.,Indiana,,2020,Iowa,True,False,18.0
Trayce Jackson-Davis,F,81.0,245.0,So.,Indiana,,2020,Indiana,True,False,19.0
Tre' Williams,G,77.0,200.0,So.,Texas,Wasatch Academy,2020,Minnesota,True,False,19.0
Trent Buttrick,F,80.0,240.0,Senior,Pennsylvania,,2020,Penn_State,True,False,21.0
Trent Frazier,G,74.0,175.0,Sr.,Florida,,2020,Illinois,True,False,21.0
Trevion Williams,F,82.0,265.0,Jr.,Illinois,,2020,Purdue,True,False,20.0
Trevor Anderson,G,75.0,195.0,R-Sr.,Wisconsin,,2020,Wisconsin,True,False,22.0
Trevor Lakes,F,79.0,215.0,Senior,Indiana,,2020,Nebraska,True,False,21.0
Trey Galloway,G,76.0,210.0,Fr.,Indiana,,2020,Indiana,True,False,18.0
Trey McGowens,G,76.0,191.0,Junior,South Carolina,,2020,Nebraska,True,False,20.0
Ty Berry,G,75.0,190.0,Fy.,Kansas,,2020,Northwestern,True,False,18.0
Tyler Underwood,G,74.0,180.0,Gr.,Illinois,,2020,Illinois,True,False,23.0
Tyler Wahl,F,81.0,220.0,So.,Minnesota,,2020,Wisconsin,True,False,19.0
Walt McGrory,G,75.0,205.0,Sr.,Minnesota,,2020,Wisconsin,True,False,21.0
Yvan Ouedraogo,F,81.0,245.0,Sophomore,France,,2020,Nebraska,False,False,19.0
Zach Edey,C,88.0,185.0,Fr.,Ontario,,2020,Purdue,False,False,18.0
Zach Griffith,F,78.0,220.0,Sr.,Illinois,,2020,Illinois,True,False,21.0
Zeb Jackson,G,77.0,180.0,Fr.,Ohio,,2020,Michigan,True,False,18.0
Zed Key,F,80.0,255.0,Jr.,New York,,2020,Ohio_State,True,False,20.0
A.J.  Hoggard,G,76.0,210.0,So.,Pennsylvania,,2021,Michigan_State,True,False,19.0
Abdoulaye Thiam,G,75.0,180.0,Fr.,Florida,Dr. Phillips,2021,Minnesota,True,False,18.0
Adrien Nunez,G,78.0,220.0,Sr.,New York,,2021,Michigan,True,False,21.0
Ahron Ulis,G,75.0,190.0,So.,Illinois,,2021,Iowa,True,False,19.0
Aidan  McCool,G,75.0,165.0,So.,South Carolina,,2021,Maryland,True,False,19.0
Aiden Terry,G,70.0,160.0,So.,Kentucky,,2021,Rutgers,True,False,19.0
Alfonso Plummer,G,73.0,180.0,Gr.,Puerto Rico,,2021,Illinois,False,True,23.0
Alonzo Verge Jr.,G,75.0,164.0,Senior,Illinois,,2021,Nebraska,True,True,21.0
Andre Curbelo,G,73.0,175.0,So.,Puerto Rico,,2021,Illinois,False,False,19.0
Andrew  Fulin ,F,78.0,195.0,Jr.,New Jersey,,2021,Rutgers,True,False,20.0
Andy Christos,G,77.0,179.0,Sophomore,New Jersey,,2021,Penn_State,True,False,19.0
Anthony Leal,G,77.0,205.0,So.,Indiana,,2021,Indiana,True,False,19.0
Arnaud Revaz,F,82.0,230.0,So.,Switzerland,,2021,Maryland,False,False,19.0
Aundre Hyatt,F,78.0,227.0,So.,New York,,2021,Rutgers,True,True,19.0
Austin Ash,G,75.0,180.0,RS Sr.,Iowa,,2021,Iowa,True,False,22.0
Austin Hutcherson,G,78.0,190.0,Gr.,New York,,2021,Illinois,True,False,23.0
Ben Carlson,F,81.0,226.0,So.,Minnesota,,2021,Wisconsin,True,False,19.0
Benjamin Bosmans-Verdonk,F,80.0,235.0,R-So.,Belgium,,2021,Illinois,False,False,20.0
Boo Buie,G,74.0,180.0,Jr.,New York,,2021,Northwestern,True,False,20.0
Brad Davison,G,76.0,200.0,Sr.,Minnesota,,2021,Wisconsin,True,False,21.0
Brandin Podziemski,G,77.0,200.0,Fr.,Wisconsin,,2021,Illinois,True,False,18.0
Brandon Johns Jr.,F,80.0,240.0,Sr.,Michigan,,2021,Michigan,True,False,21.0
Brandon Lieb,C,84.0,220.0,So.,Illinois,,2021,Illinois,True,False,19.0
Brandon Newman,G,77.0,200.0,So.,Indiana,,2021,Purdue,True,False,19.0
Brandon Wade,G,73.0,190.0,Sr.,Michigan,,2021,Michigan,True,False,21.0
Brett Karkus,G,76.0,185.0,Fr.,New York,,2021,Maryland,True,False,18.0
Brian Waddell,F,79.0,185.0,Fr.,Indiana,,2021,Purdue,True,False,18.0
Brooks Barnhizer,G,78.0,215.0,Fy.,Indiana,,2021,Northwestern,True,False,18.0
Bryce McGowens,G,79.0,179.0,Freshman,South Carolina,,2021,Nebraska,True,False,18.0
C.J. Wilcher,G,77.0,221.0,Freshman,New Jersey,Xavier,2021,Nebraska,True,False,18.0
Caleb Dorsey,F,79.0,235.0,Sophomore,Maryland,,2021,Penn_State,True,False,19.0
Caleb Furst,F,82.0,230.0,Fr.,Indiana,,2021,Purdue,True,False,18.0
Caleb Houstan,G/F,80.0,205.0,Fr.,Ontario,,2021,Michigan,False,False,18.0
Caleb McConnell,G,79.0,200.0,Sr.,Florida,,2021,Rutgers,True,False,21.0
Carson Barrett,G,77.0,215.0,So.,Indiana,,2021,Purdue,True,False,19.0
Carter Gilmore,F,79.0,224.0,So.,Wisconsin,,2021,Wisconsin,True,False,19.0
Carter Higginbottom,G,72.0,193.0,R-Jr.,Illinois,,2021,Wisconsin,True,False,21.0
Carter Kingsbury,G,76.0,225.0,Fr.,Nebraska,,2021,Iowa,True,False,18.0
Casey Simmons,G,78.0,180.0,Fy.,Massachusetts,,2021,Northwestern,True,False,18.0
Cedric Russell,G,74.0,190.0,Gr.,Louisiana,,2021,Ohio_State,True,True,23.0
Charlie Daniels,F,81.0,230.0,Sr.,Florida,The Potter's House Christian Academy,2021,Minnesota,True,True,21.0
Chase Audige,G,76.0,200.0,R-Jr.,New York,,2021,Northwestern,True,False,21.0
Chase Martin,G,75.0,180.0,So.,Missouri,,2021,Purdue,True,False,19.0
Chris Hodges,F,81.0,239.0,Fr.,Illinois,,2021,Wisconsin,True,False,18.0
Chris McGraw,G,72.0,176.0,Sophomore,Ohio,,2021,Nebraska,True,False,19.0
Chris Vogt,C,84.0,257.0,Sr.,Kentucky,,2021,Wisconsin,True,True,21.0
Chucky Hepburn,G,74.0,211.0,Fr.,Nebraska,,2021,Wisconsin,True,False,18.0
Clifford Omoruyi,C,83.0,240.0,So.,Nigeria,,2021,Rutgers,False,False,19.0
Coleman Hawkins,F,82.0,215.0,So.,California,,2021,Illinois,True,False,19.0
Connor McCaffery,G,78.0,215.0,RS Sr.,Iowa,,2021,Iowa,True,False,22.0
Connor Serven,F,81.0,235.0,So.,Illinois,,2021,Illinois,True,False,19.0
Da'Monte Williams,G,75.0,215.0,Sr.,Illinois,,2021,Illinois,True,False,21.0
Dain Dainja,F,81.0,270.0,R-Fr.,Minnesota,,2021,Illinois,True,False,19.0
Dallion Johnson,G,75.0,182.0,Sophomore,Massachusetts,,2021,Penn_State,True,False,19.0
Dan Conlan,G,76.0,180.0,Sophomore,Pennsylvania,Dickinson,2021,Penn_State,True,False,19.0
Danny Ogele,F,79.0,220.0,Sr.,Illinois,Saint Ignatius Prep,2021,Minnesota,True,True,21.0
Davis Smith,G,72.0,160.0,So.,Georgia,,2021,Michigan_State,True,False,19.0
DeVante' Jones,G,73.0,200.0,Gr.,Louisiana,,2021,Michigan,True,True,23.0
Dean Reiber,F,82.0,225.0,So.,North Carolina,,2021,Rutgers,True,False,19.0
Denim Dawson,G,78.0,185.0,Freshman,California,,2021,Nebraska,True,False,18.0
Derrick Walker,F,81.0,239.0,Junior,Missouri,,2021,Nebraska,True,False,20.0
Donta Scott,F,80.0,230.0,Jr.,Pennsylvania,,2021,Maryland,True,False,20.0
E.J. Liddell,F,79.0,240.0,Jr.,Illinois,West,2021,Ohio_State,True,False,20.0
Eduardo Andre,F,83.0,236.0,Freshman,England,,2021,Nebraska,False,False,18.0
Eli Brooks,G,73.0,185.0,Gr.,Pennsylvania,,2021,Michigan,True,False,23.0
Elyjah Williams,F,79.0,220.0,Gr.,Illinois,,2021,Northwestern,True,True,23.0
Eric Ayala,G,77.0,205.0,Sr.,Delaware,,2021,Maryland,True,False,21.0
Eric Curry,F,81.0,240.0,R-Sr.,Tennessee,Southwest Christian Academy,2021,Minnesota,True,False,22.0
Eric Hunter Jr.,G,76.0,175.0,Sr.,Indiana,,2021,Purdue,True,False,21.0
Ethan Morton,G,78.0,215.0,So.,Pennsylvania,,2021,Purdue,True,False,19.0
Eugene III,G,,,So.,Georgia,,2021,Ohio_State,True,False,19.0
Eylijah Stephens,G,75.0,175.0,Sr.,Florida,Saint Thomas Aquinas,2021,Minnesota,True,True,21.0
Fatts Russell,G,71.0,165.0,Gr.,Pennsylvania,,2021,Maryland,True,True,23.0
Filip Rebraca,F,81.0,230.0,Sr.,Serbia,University of North Dakota,2021,Iowa,False,True,21.0
Frankie Collins,G,73.0,185.0,Fr.,California,,2021,Michigan,True,False,18.0
Gabe Brown,F,80.0,215.0,Sr.,Michigan,,2021,Michigan_State,True,False,21.0
Geo Baker,G,76.0,185.0,Sr.,New Hampshire,,2021,Rutgers,True,False,21.0
Greg Lee,F,81.0,217.0,Senior+,Illinois,Western Michigan/Cal State Bakersfield,2021,Penn_State,True,True,23.0
Hakim Hart,G,80.0,205.0,Jr.,Pennsylvania,,2021,Maryland,True,False,20.0
Harrison Hookfin,F,78.0,195.0,Sr.,Ohio,,2021,Ohio_State,True,False,21.0
Hunter Dickinson,C,85.0,260.0,So.,Virginia,,2021,Michigan,True,False,19.0
Ian Burns,G,78.0,200.0,Fr.,Illinois,,2021,Michigan,True,False,18.0
Ian Martinez,G,75.0,185.0,So.,Costa Rica,,2021,Maryland,False,True,19.0
Ike  Cornish,G,78.0,190.0,Fr.,Maryland,,2021,Maryland,True,False,18.0
Irekefe Oweh,G,74.0,188.0,Sophomore,New Jersey,St. Thomas Aquinas,2021,Penn_State,True,True,19.0
Isaac Lindsey,G,76.0,184.0,So.,Wisconsin,,2021,Wisconsin,True,True,19.0
Isaiah Barnes,G/F,79.0,185.0,Fr.,Illinois,,2021,Michigan,True,False,18.0
Isaiah Ihnen,F,81.0,220.0,Jr.,Germany,IBA Munich,2021,Minnesota,False,False,20.0
Isaiah Thompson,G,73.0,160.0,Jr.,Indiana,,2021,Purdue,True,False,20.0
Ishaan Jagiasi,G,73.0,180.0,Junior,Delaware,,2021,Penn_State,True,False,20.0
Jace Howard,G,79.0,225.0,So.,Florida,,2021,Michigan,True,False,19.0
Jace Piatkowski,G,75.0,177.0,Redshirt Freshman,Nebraska,,2021,Nebraska,True,False,19.0
Jackson Cronin,G,73.0,187.0,Freshman,New York,,2021,Nebraska,True,False,18.0
Jackson Purcell,G,77.0,175.0,Fr.,Minnesota,Eastview,2021,Minnesota,True,False,18.0
Jacob Grandison,G/F,78.0,210.0,Gr.,California,,2021,Illinois,True,False,23.0
Jaden Akins,G,76.0,180.0,Fr.,Michigan,,2021,Michigan_State,True,False,18.0
Jaden Ivey,G,76.0,195.0,So.,Indiana,,2021,Purdue,True,False,19.0
Jaden Jones,G,80.0,220.0,Fr.,Texas,,2021,Rutgers,True,False,18.0
Jahcobi Neath,G,76.0,196.0,Jr.,Ontario,,2021,Wisconsin,False,True,20.0
Jaheam Cornwall,G,72.0,190.0,Senior+,New York,Gardner-Webb,2021,Penn_State,True,True,23.0
Jalanni White,F,80.0,205.0,Senior+,Connecticut,Canisius,2021,Penn_State,True,True,23.0
Jalen Miller,G,74.0,200.0,Fr.,Maryland,,2021,Rutgers,True,False,18.0
Jalen Pickett,G,76.0,202.0,Senior,New York,Siena,2021,Penn_State,True,True,21.0
Jamari Wheeler,G,73.0,170.0,Gr.,Florida,The Rock School,2021,Ohio_State,True,False,23.0
Jamison Battle,F,79.0,225.0,So.,Minnesota,DeLaSalle,2021,Minnesota,True,True,19.0
Jared Wulbrun,G,70.0,180.0,Sr.,California,,2021,Purdue,True,False,21.0
Jaron Faulds,F,82.0,240.0,Sr.,Michigan,,2021,Michigan,True,False,21.0
Jason Whitens,G,77.0,210.0,R-Sr.,Michigan,,2021,Michigan_State,True,True,22.0
Jevonnie Scott,F,79.0,252.0,Junior,Ontario,South Plains College,2021,Penn_State,False,True,20.0
Jimmy Sotos,G,75.0,200.0,Gr.,Illinois,,2021,Ohio_State,True,False,23.0
Joe Toussaint,G,72.0,190.0,Jr.,New York,,2021,Iowa,True,False,20.0
Joey Brunk,C,83.0,255.0,Gr.,Indiana,Southport H.S.,2021,Ohio_State,True,False,23.0
Joey Hauser,F,81.0,230.0,R-Sr.,Wisconsin,,2021,Michigan_State,True,False,22.0
Joey Kern,G,73.0,170.0,Gr.,Iowa,Dowling Catholic,2021,Minnesota,True,False,23.0
John Harrar,F,81.0,240.0,Senior+,Pennsylvania,,2021,Penn_State,True,False,23.0
Johnny Davis,G/F,77.0,194.0,So.,Wisconsin,,2021,Wisconsin,True,False,19.0
Jordan Bohannon,G,73.0,175.0,RS Sr.,Iowa,,2021,Iowa,True,False,22.0
Jordan Davis,G,76.0,198.0,So.,Wisconsin,,2021,Wisconsin,True,False,19.0
Jordan Geronimo,F,78.0,225.0,So.,New Jersey,,2021,Indiana,True,False,19.0
Josh Ogundele,F,82.0,275.0,So.,England,,2021,Iowa,False,False,19.0
Julian Reese,F,81.0,230.0,Fr.,Maryland,,2021,Maryland,True,False,18.0
Julian Roper II,G,75.0,180.0,Fy.,Michigan,,2021,Northwestern,True,False,18.0
Julius Marble II,F,81.0,245.0,Jr.,Texas,,2021,Michigan_State,True,False,20.0
Justice Sueing,F,78.0,210.0,R-Sr.,Hawaii,,2021,Ohio_State,True,False,22.0
Justin Ahrens,F,78.0,195.0,Sr.,,,2021,Ohio_State,False,False,21.0
Justin Taphorn,G,77.0,208.0,So.,Illinois,,2021,Wisconsin,True,False,19.0
Kalen Etzler,F,,,Fr.,Ohio,Crestview,2021,Ohio_State,True,False,18.0
Keegan Murray,F,80.0,225.0,So.,Iowa,,2021,Iowa,True,False,19.0
Keisei Tominaga,G,74.0,178.0,Sophomore,Japan,Ranger College,2021,Nebraska,False,True,19.0
Keon Coleman,G,76.0,210.0,Fr.,Louisiana,,2021,Michigan_State,True,False,18.0
Keon Edwards,G,79.0,204.0,Freshman,Texas,,2021,Nebraska,True,False,18.0
Khristian Lander,G,74.0,185.0,So.,Indiana,,2021,Indiana,True,False,19.0
Kobe Bufkin,G,76.0,175.0,Fr.,Michigan,,2021,Michigan,True,False,18.0
Kobe Webster,G,72.0,176.0,Senior,Indiana,,2021,Nebraska,True,False,21.0
Kofi Cockburn,C,84.0,285.0,Jr.,Jamaica,,2021,Illinois,False,False,20.0
Kris Murray,F,80.0,220.0,So.,Iowa,,2021,Iowa,True,False,19.0
Kyle Young,F,80.0,225.0,Gr.,Ohio,,2021,Ohio_State,True,False,23.0
Lat Mayen,F,81.0,217.0,Junior,Australia,,2021,Nebraska,False,False,20.0
Logan Duncomb,C,81.0,234.0,Fr.,Ohio,,2021,Indiana,True,False,18.0
Logan Stephens,G,74.0,197.0,Fr.,Georgia,,2021,Rutgers,True,False,18.0
Lorne Bowman II,G,74.0,210.0,Fr.,Michigan,,2021,Wisconsin,True,False,18.0
Luc Laketa,G,76.0,180.0,Fr.,Michigan,Winchendon (MA),2021,Iowa,True,False,18.0
Luke  Nathan,F,83.0,240.0,Sr.,New Jersey,,2021,Rutgers,True,False,21.0
Luke Goode,G,79.0,200.0,Fr.,Indiana,,2021,Illinois,True,False,18.0
Luke Loewe,G,76.0,185.0,Sr.,Wisconsin,Fond du Lac,2021,Minnesota,True,True,21.0
Mady Sissoko,C,81.0,235.0,So.,Mali,,2021,Michigan_State,False,False,19.0
Malaki Branham,G,77.0,180.0,Fr.,Ohio,St. Vincent-St. Mary??Â€?s,2021,Ohio_State,True,False,18.0
Malik Hall,F,80.0,225.0,Jr.,Illinois,,2021,Michigan_State,True,False,20.0
Maliq Carr,G/F,77.0,245.0,R-Fr.,Michigan,,2021,Michigan_State,True,False,19.0
Marcus Bingham Jr.,F,84.0,230.0,Sr.,Michigan,,2021,Michigan_State,True,False,21.0
Marcus Dockery,G,74.0,180.0,So.,D.C.,,2021,Maryland,True,False,19.0
Markus Ilver,F,80.0,219.0,Fr.,Estonia,,2021,Wisconsin,False,False,18.0
Mason Gillis,F,78.0,230.0,So.,Indiana,,2021,Purdue,True,False,19.0
Matt Frost,F,77.0,200.0,Jr.,Indiana,,2021,Purdue,True,False,20.0
Matthew Mors,F,79.0,241.0,Fr.,South Dakota,,2021,Wisconsin,True,False,18.0
Matthew Nicholson,C,84.0,255.0,So.,Michigan,,2021,Northwestern,True,False,19.0
Mawot Mag,F,79.0,216.0,So.,Australia,,2021,Rutgers,False,False,19.0
Max Christie,G,78.0,190.0,Fr.,Illinois,,2021,Michigan_State,True,False,18.0
Meechie Jr.,G,74.0,172.0,Fr.,Ohio,Garfield Heights,2021,Ohio_State,True,False,18.0
Michael Durr,C,84.0,250.0,Sr.,Georgia,,2021,Indiana,True,True,21.0
Michael Peterson,G,79.0,205.0,Gr.,Michigan,,2021,Michigan_State,True,False,23.0
Michael Shipp,G,75.0,190.0,Jr.,Ohio,,2021,Indiana,True,False,20.0
Miller Kopp,F,79.0,220.0,Sr.,Texas,,2021,Indiana,True,False,21.0
Moussa Diabate,F,83.0,210.0,Fr.,France,,2021,Michigan,False,False,18.0
Myles Dread,G,76.0,235.0,Senior,Michigan,,2021,Penn_State,True,False,21.0
Nathan Childress,F,78.0,212.0,Jr.,Indiana,,2021,Indiana,True,False,20.0
Oleg Kojenets,F,84.0,223.0,Freshman,Lithuania,,2021,Nebraska,False,False,18.0
Omar Payne,F,82.0,240.0,Jr.,Florida,,2021,Illinois,True,True,20.0
Oskar Palmquist,F,80.0,220.0,So.,Sweden,,2021,Rutgers,False,False,19.0
Parker Fox,F,80.0,210.0,Jr.,Minnesota,Mahtomedi,2021,Minnesota,True,True,20.0
Parker Stewart,G,77.0,202.0,R-Sr.,Tennessee,,2021,Indiana,True,False,22.0
Patrick McCaffery,F,,,RS So.,Iowa,,2021,Iowa,True,False,20.0
Paul  Mulcahy,G,78.0,213.0,Jr.,New Jersey,,2021,Rutgers,True,False,20.0
Pavlo Dziuba,F,80.0,235.0,So.,Ukraine,,2021,Maryland,False,True,19.0
Payton Sandfort,G,79.0,215.0,Fr.,Iowa,,2021,Iowa,True,False,18.0
Payton Willis,G,76.0,200.0,Sr.,Arkansas,Fayetteville,2021,Minnesota,True,True,21.0
Pete Nance,F,82.0,225.0,Sr.,Ohio,,2021,Northwestern,True,False,21.0
Peter Nwoke,F,79.0,215.0,Fr.,Nigeria,,2021,Michigan_State,False,False,18.0
Pierre Brooks II,G,78.0,225.0,Fr.,Michigan,,2021,Michigan_State,True,False,18.0
Quaran McPherson,G,75.0,199.0,Freshman,New York,,2021,Nebraska,True,False,18.0
Qudus Wahab,F,83.0,240.0,Jr.,Nigeria,,2021,Maryland,False,True,20.0
RJ Melendez,G,79.0,205.0,Fr.,Puerto Rico,,2021,Illinois,False,False,18.0
Race Thompson,F,80.0,235.0,R-Sr.,Minnesota,,2021,Indiana,True,False,22.0
Ralph Gonzales-Agee,F,80.0,245.0,Gr.,California,,2021,Rutgers,True,True,23.0
Riley Mulvey,C,83.0,245.0,Fr.,New York,,2021,Iowa,True,False,18.0
Rob Phinisee,G,73.0,187.0,Sr.,Indiana,,2021,Indiana,True,False,21.0
Robbie Beran,F,81.0,215.0,Jr.,Virginia,,2021,Northwestern,True,False,20.0
Ron Harper Jr. ,G,78.0,245.0,Sr.,New Jersey,,2021,Rutgers,True,False,21.0
Roy Dixon III,G,71.0,170.0,Jr.,Georgia,,2021,Northwestern,True,False,20.0
Ryan Greer,G,74.0,190.0,Sr.,Georgia,,2021,Northwestern,True,False,21.0
Ryan Young,C,82.0,240.0,R-Jr.,New Jersey,,2021,Northwestern,True,False,21.0
Sam Hoiberg,G,72.0,183.0,Freshman,Nebraska,Pius X,2021,Nebraska,True,False,18.0
Sam Sessoms,G,72.0,189.0,Senior,Pennsylvania,Binghamton,2021,Penn_State,True,False,21.0
Sasha Stefanovic,G,77.0,205.0,Sr.,Indiana,,2021,Purdue,True,False,21.0
Sean Sutherlin,G,77.0,200.0,Sr.,Minnesota,Irondale,2021,Minnesota,True,True,21.0
Sebastien Scott,G,74.0,185.0,So.,California,,2021,Indiana,True,False,19.0
Seth Lundy,F,78.0,217.0,Junior,New Jersey,,2021,Penn_State,True,False,20.0
Seth Towns,F,81.0,230.0,Gr.,Ohio,,2021,Ohio_State,True,False,23.0
Shaan Burke,G,77.0,185.0,Fr.,California,,2021,Indiana,True,False,18.0
Simon Wright,F,79.0,225.0,Gr.,Minnesota,,2021,Maryland,True,True,23.0
Steven Crowl,F,84.0,234.0,So.,Minnesota,,2021,Wisconsin,True,False,19.0
Steven Izzo,G,68.0,150.0,Jr.,Michigan,,2021,Michigan_State,True,False,20.0
Tamar Bates,G,77.0,193.0,Fr.,Kansas,,2021,Indiana,True,False,18.0
Terrance Williams II,F,79.0,230.0,So.,Maryland,,2021,Michigan,True,False,19.0
Tony Perkins,G,,,So.,Indiana,,2021,Iowa,True,False,19.0
Trayce Jackson-Davis,F,81.0,245.0,Jr.,Indiana,,2021,Indiana,True,False,20.0
Trent Frazier,G,74.0,175.0,Sr.,Florida,,2021,Illinois,True,False,21.0
Trevion Williams,F,82.0,255.0,Sr.,Illinois,,2021,Purdue,True,False,21.0
Trevor Lakes,F,80.0,220.0,Senior,Indiana,,2021,Nebraska,True,False,21.0
Trey Galloway,G,77.0,200.0,So.,Indiana,,2021,Indiana,True,False,19.0
Trey Kaufman-Renn,F,81.0,225.0,Fr.,Indiana,,2021,Purdue,True,False,18.0
Trey McGowens,G,76.0,196.0,Junior,South Carolina,,2021,Nebraska,True,False,20.0
Treyton Thompson,C,84.0,210.0,Fr.,Minnesota,Alexandria // La Lumiere School,2021,Minnesota,True,False,18.0
Ty Berry,G,75.0,185.0,So.,Kansas,,2021,Northwestern,True,False,19.0
Tyler Wahl,F,81.0,221.0,Jr.,Minnesota,,2021,Wisconsin,True,False,20.0
Tyson Walker,G,72.0,175.0,Jr.,New York,,2021,Michigan_State,True,True,20.0
Wilhelm Breidenbach,F,82.0,227.0,Freshman,California,,2021,Nebraska,True,False,18.0
Will Ramberg,G,77.0,195.0,So.,Minnesota,Cook County,2021,Minnesota,True,True,19.0
Will Tschetter,F,80.0,230.0,Fr.,Minnesota,,2021,Michigan,True,False,18.0
Xavier Green,G,78.0,205.0,Gr.,Virginia,,2021,Maryland,True,True,23.0
Xavier Johnson,G,75.0,200.0,Sr.,Virginia,,2021,Indiana,True,True,21.0
Zach Edey,C,88.0,295.0,So.,Ontario,,2021,Purdue,False,False,19.0
Zed Key,F,,,So.,New York,,2021,Ohio_State,True,False,19.0
A.J.  Hoggard,G,76.0,205.0,Jr.,Pennsylvania,,2022,Michigan_State,True,False,20.0
AJ Redd,G,75.0,160.0,Fr.,Illinois,,2022,Illinois,True,False,18.0
Ahron Ulis,G,75.0,190.0,Jr.,Illinois,,2022,Iowa,True,False,20.0
Aiden Terry,G,70.0,160.0,Jr.,Kentucky,,2022,Rutgers,True,False,20.0
Amarion Nimmers,G,74.0,173.0,Fr.,Illinois,,2022,Iowa,True,False,18.0
Andrew  Fulin ,F,78.0,195.0,Sr.,New Jersey,,2022,Rutgers,True,False,21.0
Andrew Funk,G,77.0,200.0,Senior+,Pennsylvania,Bucknell,2022,Penn_State,True,True,23.0
Andy Christos,G,77.0,186.0,Junior,New Jersey,,2022,Penn_State,True,False,20.0
Anthony Leal,G,77.0,200.0,Jr.,Indiana,,2022,Indiana,True,False,20.0
Antonio Chol,F,81.0,205.0,Fr.,New York,,2022,Rutgers,True,False,18.0
Antwone Woolfolk,F,81.0,250.0,Fr.,Ohio,,2022,Rutgers,True,False,18.0
Arnaud Revaz,F,82.0,230.0,Jr.,Switzerland,,2022,Maryland,False,False,20.0
Aundre Hyatt,F,78.0,227.0,Jr.,New York,,2022,Rutgers,True,True,20.0
Blaise Keita,F,83.0,241.0,Sophomore,Republic of Mali,Coffeyville CC,2022,Nebraska,False,True,19.0
Blake Smith,G,78.0,175.0,Fy.,Pennsylvania,,2022,Northwestern,True,False,18.0
Boo Buie,G,74.0,180.0,Sr.,New York,,2022,Northwestern,True,False,21.0
Bowen Hardman,G,75.0,175.0,Fr.,Ohio,Princeton,2022,Ohio_State,True,False,18.0
Braden Smith,G,72.0,180.0,Fr.,Indiana,,2022,Purdue,True,False,18.0
Braeden Carrington,G,76.0,195.0,Fr.,Minn,Park Center HS,2022,Minnesota,False,False,18.0
Brandon Lieb,C,84.0,220.0,Jr.,Illinois,,2022,Illinois,True,False,20.0
Brandon Newman,G,77.0,200.0,Jr.,Indiana,,2022,Purdue,True,False,20.0
Brett Karkus,G,76.0,185.0,So.,New York,,2022,Maryland,True,False,19.0
Brian Waddell,F,80.0,195.0,R-Fr.,Indiana,,2022,Purdue,True,False,19.0
Brice Sensabaugh,F,78.0,235.0,Fr.,Florida,Lake Highland Prep,2022,Ohio_State,True,False,18.0
Brooks Barnhizer,G,78.0,215.0,So.,Indiana,,2022,Northwestern,True,False,19.0
Bruce Thornton,G,74.0,215.0,Fr.,Georgia,Milton,2022,Ohio_State,True,False,18.0
C.J. Wilcher,G,77.0,208.0,Sophomore,New Jersey,Xavier,2022,Nebraska,True,False,19.0
CJ Gunn,G,78.0,194.0,Fr.,Indiana,,2022,Indiana,True,False,18.0
Caelum Swanton-Rodger,C,83.0,220.0,Fr.,Alberta,,2022,Maryland,False,False,18.0
Cale Jacobsen,G,76.0,194.0,Freshman,Nebraska,Ashland-Greenwood,2022,Nebraska,True,False,18.0
Caleb Dorsey,F,79.0,235.0,Junior,Maryland,,2022,Penn_State,True,False,20.0
Caleb Furst,F,82.0,230.0,So.,Indiana,,2022,Purdue,True,False,19.0
Caleb McConnell,G,79.0,200.0,5th,Florida,,2022,Rutgers,True,False,23.0
Cam Spencer,G,76.0,207.0,Sr.,Maryland,,2022,Rutgers,True,True,21.0
Camden Heide,F,79.0,205.0,Fr.,Minnesota,,2022,Purdue,True,False,18.0
Camren Wynter,G,74.0,200.0,Senior+,New York,Drexel,2022,Penn_State,True,True,23.0
Carson Barrett,G,77.0,215.0,Jr.,Indiana,,2022,Purdue,True,False,20.0
Carson Cooper,C,83.0,230.0,Fr.,Michigan,,2022,Michigan_State,True,False,18.0
Carson Dick,G,74.0,175.0,Jr.,Maryland,,2022,Maryland,True,True,20.0
Carter Gilmore,F,79.0,225.0,Jr.,Wisconsin,,2022,Wisconsin,True,False,20.0
Carter Kingsbury,G,76.0,225.0,RS Fr.,Nebraska,,2022,Iowa,True,False,
Chase Audige,G,76.0,200.0,R-Sr.,New York,William & Mary,2022,Northwestern,True,False,22.0
Chase Martin,G,74.0,180.0,Jr.,Missouri,,2022,Purdue,True,False,20.0
Chris Hodges,F,81.0,245.0,R-Fr.,Illinois,,2022,Wisconsin,True,False,19.0
Chucky Hepburn,G,74.0,205.0,So.,Nebraska,,2022,Wisconsin,True,False,19.0
Clifford Omoruyi,C,83.0,240.0,Jr.,Nigeria,,2022,Rutgers,False,False,20.0
Colby Baumann,G,75.0,185.0,Fr.,Texas,IMG Academy,2022,Ohio_State,True,False,18.0
Coleman Hawkins,F,82.0,225.0,Jr.,California,,2022,Illinois,True,False,20.0
Connor Essegian,G,76.0,185.0,Fr.,Indiana,,2022,Wisconsin,True,False,18.0
Connor McCaffery,G/F,78.0,215.0,Graduate Student,Iowa,,2022,Iowa,True,False,23.0
Connor Serven,F,81.0,235.0,Jr.,Illinois,,2022,Illinois,True,False,20.0
Cooper Smith,G,73.0,175.0,So.,Michigan,,2022,Michigan,True,True,19.0
Dain Dainja,F,81.0,270.0,R-So.,Minnesota,,2022,Illinois,True,False,20.0
Dallion Johnson,G,75.0,180.0,Junior,Massachusetts,,2022,Penn_State,True,False,20.0
Dan Conlan,G,76.0,186.0,Junior,Pennsylvania,Dickinson,2022,Penn_State,True,False,20.0
Dante Eldridge,G,69.0,170.0,Jr.,Iowa,Kirkwood CC,2022,Iowa,True,True,20.0
Dasonte Bowen,G,74.0,174.0,Fr.,Massachusetts,,2022,Iowa,True,False,18.0
David Jenkins Jr.,G,73.0,200.0,Sr.,Washington,,2022,Purdue,True,True,21.0
Davis Smith,G,72.0,160.0,Jr.,Georgia,,2022,Michigan_State,True,False,20.0
Dawson Garcia,F,83.0,230.0,So.,Minnesota,Prior Lake HS,2022,Minnesota,True,True,19.0
Dean Reiber,F,82.0,225.0,Jr.,North Carolina,,2022,Rutgers,True,False,20.0
Demetrius Lilley,F,82.0,260.0,Freshman,Pennsylvania,,2022,Penn_State,True,False,18.0
Denim Dawson,G,78.0,193.0,Redshirt Freshman,California,,2022,Nebraska,True,False,19.0
Derek Simpson,G,75.0,170.0,Fr.,New Jersey,,2022,Rutgers,True,False,18.0
Derrick Walker,F,81.0,245.0,Senior,Missouri,,2022,Nebraska,True,False,21.0
Don Carey,G,77.0,187.0,Gr.,Maryland,,2022,Maryland,True,True,23.0
Donta Scott,F,80.0,230.0,Sr.,Pennsylvania,,2022,Maryland,True,False,21.0
Dug McDaniel,G,71.0,160.0,Fr.,D.C.,,2022,Michigan,True,False,18.0
Emmanuel Bandoumel,G,76.0,187.0,Senior,Quebec,,2022,Nebraska,False,True,21.0
Ethan Morton,G,79.0,215.0,Jr.,Pennsylvania,,2022,Purdue,True,False,20.0
Eugene III,G,79.0,195.0,Jr.,Georgia,,2022,Ohio_State,True,False,20.0
Evan Mahaffey,G,78.0,200.0,Freshman,Ohio,,2022,Penn_State,True,False,18.0
Felix Okpara,C,83.0,220.0,Fr.,Nigeria,Hamilton Heights Christian Acad./Link Acad.,2022,Ohio_State,False,False,18.0
Filip Rebraca,F,81.0,230.0,Fifth Year,Serbia,University of North Dakota,2022,Iowa,False,True,23.0
Fletcher Loyer,G,76.0,185.0,Fr.,Indiana,,2022,Purdue,True,False,18.0
Gregg Glenn III,F,79.0,230.0,Fr.,Florida,,2022,Michigan,True,False,18.0
Gus Hurlburt,F,81.0,210.0,Fy.,North Dakota,,2022,Northwestern,True,False,18.0
Hakim Hart,G,80.0,205.0,Sr.,Pennsylvania,,2022,Maryland,True,False,21.0
Henry Burt,F,76.0,216.0,Freshman,Nebraska,Elkhorn South,2022,Nebraska,True,False,18.0
Hogan Orbaugh,F,80.0,235.0,Jr.,Indiana,,2022,Indiana,True,True,20.0
Hunter Dickinson,C,85.0,260.0,Jr.,Virginia,,2022,Michigan,True,False,20.0
Ian Burns,G,78.0,205.0,So.,Illinois,,2022,Michigan,True,False,19.0
Ian Martinez,G,75.0,185.0,Jr.,Costa Rica,,2022,Maryland,False,True,20.0
Ike  Cornish,G,78.0,190.0,R-Fr.,Maryland,,2022,Maryland,True,False,19.0
Isaac Gard,G,74.0,165.0,Fr.,Wisconsin,,2022,Wisconsin,True,False,18.0
Isaac Likekele,G,77.0,215.0,Gr.,Texas,Timberview HS,2022,Ohio_State,True,True,23.0
Isaac Lindsey,G,76.0,185.0,So.,Wisconsin,,2022,Wisconsin,True,True,19.0
Isaiah Barnes,G,79.0,200.0,R-Fr.,Illinois,,2022,Michigan,True,False,19.0
Isaiah Ihnen,F,82.0,220.0,R-Jr.,Germany,IBA Munich,2022,Minnesota,False,False,21.0
Ishaan Jagiasi,G,73.0,197.0,Senior,Delaware,,2022,Penn_State,True,False,21.0
Jace Howard,G,79.0,225.0,So.,Florida,,2022,Michigan,True,False,19.0
Jackson Purcell,G,77.0,195.0,R-Fr.,Minnesota,Eastview,2022,Minnesota,True,False,19.0
Jackson Selvala,F,79.0,215.0,Sr.,Connecticut,,2022,Michigan,True,True,21.0
Jaden Akins,G,76.0,190.0,So.,Michigan,,2022,Michigan_State,True,False,19.0
Jaden Henley,G,79.0,200.0,Fr.,California,Colony HS,2022,Minnesota,True,False,18.0
Jaelin Llewellyn,G,74.0,190.0,Gr.,Ontario,,2022,Michigan,False,True,23.0
Jahari Long,G,77.0,200.0,Jr.,Texas,,2022,Maryland,True,True,20.0
Jahcobi Neath,G,76.0,190.0,Jr.,Ontario,,2022,Wisconsin,False,True,20.0
Jahmir Young,G,73.0,185.0,Gr.,Maryland,,2022,Maryland,True,True,23.0
Jalen Hood-Schifino,G,78.0,213.0,Fr.,Pennsylvania,,2022,Indiana,True,False,18.0
Jalen Miller,G,74.0,200.0,So.,Maryland,,2022,Rutgers,True,False,19.0
Jalen Pickett,G,76.0,209.0,Senior+,New York,Siena,2022,Penn_State,True,True,23.0
Jamarques Lawrence,G,75.0,185.0,Freshman,New Jersey,Roselle Catholic,2022,Nebraska,True,False,18.0
Jameel Brown,G,76.0,188.0,Freshman,Pennsylvania,,2022,Penn_State,True,False,18.0
Jamison Battle,F,79.0,220.0,Jr.,Minnesota,DeLaSalle,2022,Minnesota,True,True,20.0
Jason Whitens,G,78.0,210.0,Gr.,Michigan,,2022,Michigan_State,True,True,23.0
Jaxon Kohler,F,81.0,240.0,Fr.,Utah,,2022,Michigan_State,True,False,18.0
Jayden Epps,G,74.0,190.0,Fr.,Virginia,,2022,Illinois,True,False,18.0
Jeffrey Grace III,G,75.0,195.0,Redshirt Freshman,Illinois,Arizona State,2022,Nebraska,True,False,19.0
Jett Howard,G,80.0,215.0,Fr.,Florida,,2022,Michigan,True,False,18.0
Joey Baker,G,79.0,205.0,Gr.,North Carolina,,2022,Michigan,True,True,23.0
Joey Hauser,F,81.0,220.0,Gr.,Wisconsin,,2022,Michigan_State,True,False,23.0
Jordan Davis,G,76.0,200.0,Jr.,Wisconsin,,2022,Wisconsin,True,False,20.0
Jordan Geronimo,F,78.0,225.0,Jr.,New Jersey,,2022,Indiana,True,False,20.0
Josh Dix,G,77.0,192.0,Fr.,Iowa,,2022,Iowa,True,False,18.0
Josh Ogundele,C,82.0,275.0,Jr.,England,,2022,Iowa,False,False,20.0
Joshua Ola-Joseph,F,79.0,215.0,Fr.,Minnesota,Compass Prep,2022,Minnesota,True,False,18.0
Julian Reese,F,81.0,230.0,So.,Maryland,,2022,Maryland,True,False,19.0
Julian Roper II,G,75.0,180.0,So.,Michigan,,2022,Northwestern,True,False,19.0
Justice Sueing,F,78.0,210.0,R-Sr.,Hawaii,,2022,Ohio_State,True,False,22.0
Justin Taphorn,G,77.0,215.0,Jr.,Illinois,,2022,Wisconsin,True,False,20.0
Juwan Gary,F,78.0,215.0,Sophomore,South Carolina,Alabama,2022,Nebraska,True,True,19.0
Kadyn Betts,F,80.0,215.0,Fr.,Colorado,Pueblo Central,2022,Minnesota,True,False,18.0
Kaleb Banks,F,79.0,215.0,Fr.,Georgia,,2022,Indiana,True,False,18.0
Kalen Etzler,F,80.0,190.0,R-Fr.,Ohio,Crestview,2022,Ohio_State,True,False,19.0
Kamari McGee,G,72.0,180.0,So.,Wisconsin,,2022,Wisconsin,True,True,19.0
Kanye Clary,G,71.0,192.0,Freshman,Virginia,,2022,Penn_State,True,False,18.0
Kebba Njie,F,82.0,237.0,Freshman,Ohio,,2022,Penn_State,True,False,18.0
Keisei Tominaga,G,74.0,175.0,Junior,Japan,Ranger College,2022,Nebraska,False,True,20.0
Kobe Bufkin,G,76.0,195.0,So.,Michigan,,2022,Michigan,True,False,19.0
Kris Murray,F,80.0,220.0,Jr.,Iowa,,2022,Iowa,True,False,20.0
Logan Duncomb,C,82.0,241.0,So.,Ohio,,2022,Indiana,True,False,19.0
Logan Stephens,G,74.0,197.0,So.,Georgia,,2022,Rutgers,True,False,19.0
Luc Laketa,G,77.0,180.0,So.,Michigan,Winchendon (MA),2022,Iowa,True,False,19.0
Luke Goode,G,79.0,210.0,So.,Indiana,,2022,Illinois,True,False,19.0
Luke Haertle,G,75.0,215.0,Fr.,Wisconsin,,2022,Wisconsin,True,False,18.0
Luke Hunger,F,82.0,255.0,Fy.,Quebec,,2022,Northwestern,False,False,18.0
Mady Sissoko,C,81.0,240.0,Jr.,Mali,,2022,Michigan_State,False,False,20.0
Malik Hall,F,80.0,220.0,Sr.,Illinois,,2022,Michigan_State,True,False,21.0
Malik Reneau,F,81.0,233.0,Fr.,Florida,,2022,Indiana,True,False,18.0
Markus Ilver,F,80.0,215.0,So.,Estonia,,2022,Wisconsin,False,False,19.0
Mason Gillis,F,78.0,230.0,Jr.,Indiana,,2022,Purdue,True,False,20.0
Matt Frost,F,77.0,200.0,Sr.,Indiana,,2022,Purdue,True,False,21.0
Matthew Mayer,G/F,81.0,225.0,5th,Texas,,2022,Illinois,True,True,23.0
Matthew Nicholson,C,84.0,255.0,Jr.,Michigan,,2022,Northwestern,True,False,20.0
Mawot Mag,F,79.0,216.0,Jr.,Australia,,2022,Rutgers,False,False,20.0
Max Klesmit,G,75.0,200.0,Jr.,Wisconsin,,2022,Wisconsin,True,True,20.0
Michael Henn,F,80.0,244.0,Senior+,Washington,Denver,2022,Penn_State,True,True,23.0
Michael Shipp,G,75.0,195.0,Sr.,Ohio,,2022,Indiana,True,False,21.0
Miller Kopp,F,79.0,215.0,Sr.+,Texas,,2022,Indiana,True,False,23.0
Myles Dread,G,76.0,235.0,Senior+,Michigan,,2022,Penn_State,True,False,23.0
Nathan Childress,F,78.0,212.0,Sr.,Indiana,,2022,Indiana,True,False,21.0
Niccolo Moretti,G,73.0,160.0,Fr.,Italy,,2022,Illinois,False,False,18.0
Nick Martinelli,F,79.0,200.0,Fy.,Illinois,,2022,Northwestern,True,False,18.0
Nick Sanders,G,69.0,170.0,Fr.,Michigan,,2022,Michigan_State,True,False,18.0
Noah Batchelor,G,78.0,185.0,Fr.,Maryland,,2022,Maryland,True,False,18.0
Oleg Kojenets,F,84.0,232.0,Redshirt Freshman,Lithuania,,2022,Nebraska,False,False,19.0
Oskar Palmquist,F,80.0,220.0,Jr.,Sweden,,2022,Rutgers,False,False,20.0
Owen Spencer,F,81.0,215.0,Jr.,Ohio,Turpin,2022,Ohio_State,True,True,20.0
Parker Fox,F,80.0,210.0,R-Jr.,Minnesota,Mahtomedi,2022,Minnesota,True,True,21.0
Patrick Emilien,F,79.0,210.0,Gr.,Ontario,,2022,Maryland,False,True,23.0
Patrick McCaffery,F,81.0,210.0,RS Jr.,Iowa,,2022,Iowa,True,False,21.0
Paul  Mulcahy,G,79.0,213.0,Sr.,New Jersey,,2022,Rutgers,True,False,21.0
Pavlo Dziuba,F,80.0,235.0,Jr.,Ukraine,,2022,Maryland,False,True,20.0
Paxton Warden,G,76.0,180.0,Fr.,Illinois,,2022,Illinois,True,False,18.0
Payton Sandfort,G,79.0,215.0,So.,Iowa,,2022,Iowa,True,False,19.0
Pharrel Payne,F,81.0,255.0,Fr.,Minnesota,Park High School Cottage Grove,2022,Minnesota,True,False,18.0
Pierre Brooks II,G,78.0,220.0,So.,Michigan,,2022,Michigan_State,True,False,19.0
Quaran McPherson,G,75.0,197.0,Redshirt Freshman,New York,,2022,Nebraska,True,False,19.0
RJ Floyd,G,75.0,165.0,So.,Maryland,,2022,Maryland,True,False,19.0
RJ Melendez,G,79.0,205.0,So.,Puerto Rico,,2022,Illinois,False,False,19.0
Race Thompson,F,80.0,235.0,R-Sr.+,Minnesota,,2022,Indiana,True,False,24.0
Ramel Lloyd Jr.,G,78.0,204.0,Freshman,California,Sierra Canyon,2022,Nebraska,True,False,18.0
Riley Mulvey,C,83.0,245.0,So.,New York,,2022,Iowa,True,False,19.0
Robbie Beran,F,81.0,215.0,Sr.,Virginia,,2022,Northwestern,True,False,21.0
Roddy Gayle Jr.,G,76.0,205.0,Fr.,New York,Lewiston-Porter,2022,Ohio_State,True,False,18.0
Ross Candelino,G,77.0,185.0,Fr.,Florida,,2022,Wisconsin,True,False,18.0
Roy Dixon III,G,71.0,170.0,Sr.,Georgia,,2022,Northwestern,True,False,21.0
Sam Griesel,G,79.0,216.0,Senior,Nebraska,,2022,Nebraska,True,True,21.0
Sam Hoiberg,G,72.0,180.0,Redshirt Freshman,Nebraska,Pius X,2022,Nebraska,True,False,19.0
Sam King,F,80.0,225.0,Fr.,Indiana,,2022,Purdue,True,False,18.0
Sean McNeil,G,76.0,205.0,Gr.,Kentucky,Cooper HS,2022,Ohio_State,True,True,23.0
Sencire Harris,G,76.0,160.0,Fr.,Ohio,,2022,Illinois,True,False,18.0
Seth Lundy,G,78.0,220.0,Senior,New Jersey,,2022,Penn_State,True,False,21.0
Shaan Burke,G,77.0,195.0,So.,California,,2022,Indiana,True,False,19.0
Steven Crowl,F,84.0,245.0,Jr.,Minnesota,,2022,Wisconsin,True,False,20.0
Steven Izzo,G,68.0,150.0,Sr.,Michigan,,2022,Michigan_State,True,False,21.0
Ta'Lon Cooper,G,76.0,195.0,Jr.,South Carolina,Dorman HS,2022,Minnesota,True,True,20.0
Tamar Bates,G,77.0,198.0,So.,Kansas,,2022,Indiana,True,False,19.0
Tanner Holden,G,78.0,200.0,Sr.,Ohio,Wheelersburg,2022,Ohio_State,True,True,21.0
Tarris Reed Jr.,F,82.0,260.0,Fr.,Missouri,,2022,Michigan,True,False,18.0
Taurus Samuels,G,73.0,195.0,5th,California,Vista HS,2022,Minnesota,True,True,23.0
Terrance Williams II,F,79.0,230.0,Jr.,Maryland,,2022,Michigan,True,False,20.0
Terrence Shannon Jr.,G,78.0,225.0,Sr.,Illinois,,2022,Illinois,True,True,21.0
Tony Perkins,G,76.0,205.0,Jr.,Indiana,,2022,Iowa,True,False,20.0
Trayce Jackson-Davis,F,81.0,245.0,Sr.,Indiana,,2022,Indiana,True,False,21.0
Tre Holloman,G,74.0,180.0,Fr.,Minnesota,,2022,Michigan_State,True,False,18.0
Trey Galloway,G,76.0,203.0,Jr.,Indiana,,2022,Indiana,True,False,20.0
Trey Kaufman-Renn,F,81.0,225.0,R-Fr.,Indiana,,2022,Purdue,True,False,19.0
Treyton Thompson,C,84.0,210.0,So.,Minnesota,Alexandria // La Lumiere School,2022,Minnesota,True,False,19.0
Ty Berry,G,75.0,185.0,Jr.,Kansas,,2022,Northwestern,True,False,20.0
Ty Rodgers,G/F,78.0,200.0,Fr.,Michigan,,2022,Illinois,True,False,18.0
Tydus Verhoeven,F,81.0,235.0,Gr.,California,UTEP,2022,Northwestern,True,True,23.0
Tyler Wahl,F,81.0,225.0,Sr.,Minnesota,,2022,Wisconsin,True,False,21.0
Tyson Walker,G,73.0,180.0,Sr.,New York,,2022,Michigan_State,True,True,21.0
Wilhelm Breidenbach,F,82.0,231.0,Sophomore,California,,2022,Nebraska,True,False,19.0
Will Berg,C,86.0,260.0,Fr.,Sweden,,2022,Purdue,False,False,18.0
Will Ramberg,G,77.0,205.0,Jr.,Minnesota,Cook County,2022,Minnesota,True,True,20.0
Will Tschetter,F,80.0,240.0,R-Fr.,Minnesota,,2022,Michigan,True,False,19.0
Xavier Johnson,G,75.0,200.0,Sr.+,Virginia,,2022,Indiana,True,True,23.0
Youssef Khayat,F,81.0,195.0,Fr.,Lebanon,,2022,Michigan,False,False,18.0
Zach Edey,C,88.0,305.0,Jr.,Ontario,,2022,Purdue,False,False,20.0
Zed Key,F,80.0,255.0,Jr.,New York,,2022,Ohio_State,True,False,20.0
A.J.  Hoggard,G,76.0,210.0,Sr.,Pennsylvania,,2023,Michigan_State,True,False,21.0
AJ Redd,G,75.0,170.0,So.,Illinois,,2023,Illinois,True,False,19.0
AJ Storr,G,79.0,205.0,So.,Illinois,,2023,Wisconsin,True,True,19.0
Ace Baldwin Jr.,G,73.0,190.0,Senior,Maryland,VCU,2023,Penn_State,True,True,21.0
Ahron Ulis,G,75.0,190.0,Junior,Illinois,Iowa,2023,Nebraska,True,False,20.0
Aiden Terry,G,70.0,160.0,Sr.,Kentucky,,2023,Rutgers,True,False,21.0
Amani Hansberry,F,80.0,240.0,Fr.,Maryland,,2023,Illinois,True,False,18.0
Andy Christos,G,77.0,186.0,Senior,New Jersey,,2023,Penn_State,True,False,21.0
Anthony Leal,G,77.0,200.0,Sr.,Indiana,,2023,Indiana,True,False,21.0
Anthony Walker,F,80.0,215.0,Sr.+,Maryland,Miami (Fla.),2023,Indiana,True,True,23.0
Antonio Chol,F,81.0,220.0,R-Fr.,New York,,2023,Rutgers,True,False,19.0
Antwone Woolfolk,F,81.0,225.0,So.,Ohio,,2023,Rutgers,True,False,19.0
Aundre Hyatt,F,78.0,235.0,Sr.,New York,,2023,Rutgers,True,True,21.0
Austin Parks,C,82.0,260.0,Fr.,Ohio,St. Marys Memorial,2023,Ohio_State,True,False,18.0
Austin Williams,G,76.0,205.0,Gr.,New Jersey,,2023,Rutgers,True,True,23.0
Ben Krikke,F,81.0,245.0,Graduate Student,Alberta,Valparaiso,2023,Iowa,False,True,23.0
Ben Murphy,G,73.0,193.0,Jr.,Maryland,,2023,Maryland,True,False,20.0
Blaise Keita,F,83.0,257.0,Junior,Republic of Mali,Coffeyville CC,2023,Nebraska,False,True,20.0
Blake Barkley,F,79.0,210.0,Fy.,West Virginia,,2023,Northwestern,True,False,18.0
Blake Preston,F,81.0,240.0,Gr.,North Carolina,Liberty,2023,Northwestern,True,True,23.0
Blake Smith,G,78.0,175.0,So.,Pennsylvania,,2023,Northwestern,True,False,19.0
Boo Buie,G,74.0,180.0,Gr.,New York,,2023,Northwestern,True,False,23.0
Bowen Hardman,G,75.0,190.0,So.,Ohio,Princeton,2023,Ohio_State,True,False,19.0
Braden  Pierce,C,84.0,230.0,Fr.,Georgia,,2023,Maryland,True,False,18.0
Braden Smith,G,72.0,175.0,So.,Indiana,,2023,Purdue,True,False,19.0
Braeden Carrington,G,76.0,195.0,So.,Minn,Park Center HS,2023,Minnesota,False,False,19.0
Bragi GuÃ°mundsson,G,77.0,175.0,Freshman,Iceland,,2023,Penn_State,False,False,18.0
Brian Waddell,F,80.0,190.0,So.,Indiana,,2023,Purdue,True,False,19.0
Brice Williams,G,79.0,213.0,Junior,North Carolina,Charlotte,2023,Nebraska,True,True,20.0
Brock Harding,G,72.0,162.0,Fr.,Illinois,,2023,Iowa,True,False,18.0
Brooks Barnhizer,G,78.0,215.0,Jr.,Indiana,,2023,Northwestern,True,False,20.0
Bruce Thornton,G,74.0,215.0,So.,Georgia,Milton,2023,Ohio_State,True,False,19.0
C.J. Wilcher,G,77.0,214.0,Junior,New Jersey,Xavier,2023,Nebraska,True,False,20.0
CJ Gunn,G,78.0,198.0,So.,Indiana,,2023,Indiana,True,False,19.0
Caelum Swanton-Rodger,C,83.0,220.0,So.,Alberta,,2023,Maryland,False,False,19.0
Cale Jacobsen,G,76.0,200.0,Redshirt Freshman,Nebraska,Ashland-Greenwood,2023,Nebraska,True,False,19.0
Caleb Furst,F,82.0,225.0,Jr.,Indiana,,2023,Purdue,True,False,20.0
Cam Christie,G,78.0,190.0,Fr.,Illinois,Rolling Meadows HS,2023,Minnesota,True,False,18.0
Camden Heide,F,79.0,205.0,R-Fr.,Minnesota,,2023,Purdue,True,False,19.0
Carson Barrett,G,77.0,210.0,Sr.,Indiana,,2023,Purdue,True,False,21.0
Carson Cooper,C,83.0,240.0,So.,Michigan,,2023,Michigan_State,True,False,19.0
Carter Gilmore,F,79.0,232.0,Jr.,Wisconsin,,2023,Wisconsin,True,False,20.0
Carter Kingsbury,G,76.0,225.0,RS So.,Nebraska,,2023,Iowa,True,False,20.0
Chance  Stephens,G,75.0,185.0,So.,California,,2023,Maryland,True,True,19.0
Chase Martin,G,74.0,180.0,Sr.,Missouri,,2023,Purdue,True,False,21.0
Chris Hodges,F,81.0,250.0,So.,Illinois,,2023,Wisconsin,True,False,19.0
Chucky Hepburn,G,74.0,195.0,Jr.,Nebraska,,2023,Wisconsin,True,False,20.0
Clifford Omoruyi,C,83.0,240.0,Sr.,Nigeria,,2023,Rutgers,False,False,21.0
Coen Carr,F,77.0,220.0,Fr.,Georgia,,2023,Michigan_State,True,False,18.0
Colby Baumann,G,75.0,190.0,So.,Texas,IMG Academy,2023,Ohio_State,True,False,19.0
Coleman Hawkins,F,82.0,230.0,Sr.,California,,2023,Illinois,True,False,21.0
Connor Essegian,G,76.0,195.0,So.,Indiana,,2023,Wisconsin,True,False,19.0
Cooper Smith,G,73.0,180.0,Jr.,Michigan,,2023,Michigan,True,True,20.0
D'Marco Dunn,G,77.0,195.0,Junior,Arizona,North Carolina,2023,Penn_State,True,True,20.0
Dain Dainja,F/C,81.0,255.0,R-Jr.,Minnesota,,2023,Illinois,True,False,21.0
Dale Bonner,G,74.0,175.0,5th,Ohio,Shaker Heights,2023,Ohio_State,True,True,23.0
Dan Conlan,G,76.0,186.0,Senior,Pennsylvania,Dickinson,2023,Penn_State,True,False,21.0
Daniel Vessey,G,75.0,190.0,Fr.,New Jersey,,2023,Rutgers,True,False,18.0
Dasonte Bowen,G,74.0,183.0,So.,Massachusetts,,2023,Iowa,True,False,19.0
Davis Smith,G,72.0,160.0,Sr.,Georgia,,2023,Michigan_State,True,False,21.0
Dawson Garcia,F,83.0,230.0,Jr.,Minnesota,Prior Lake HS,2023,Minnesota,True,True,20.0
DeShawn  Harris-Smith,G,77.0,215.0,Fr.,Virginia,,2023,Maryland,True,False,18.0
Demetrius Lilley,F,82.0,245.0,Sophomore,Pennsylvania,,2023,Penn_State,True,False,19.0
Derek Simpson,G,75.0,165.0,So.,New Jersey,,2023,Rutgers,True,False,19.0
Devin Royal,F,78.0,210.0,Fr.,Ohio,Pickerington Central,2023,Ohio_State,True,False,18.0
Donta Scott,F,80.0,230.0,5th,Pennsylvania,,2023,Maryland,True,False,23.0
Dra Gibbs-Lawhorn,G,73.0,185.0,Fr.,Indiana,,2023,Illinois,True,False,18.0
Dug McDaniel,G,71.0,175.0,So.,D.C.,,2023,Michigan,True,False,19.0
Eli Rice,G,80.0,213.0,Freshman,Tennessee,IMG Academy,2023,Nebraska,True,False,18.0
Elijah Hawkins,G,71.0,165.0,Jr.,D.C.,DeMatha Catholic HS,2023,Minnesota,True,True,20.0
Emmanuel Ogbole,C,82.0,260.0,So.,Nigeria,,2023,Rutgers,False,True,19.0
Erick Reader,F,80.0,210.0,Fr.,Minnesota,New Life Academy,2023,Minnesota,True,False,18.0
Ethan Morton,G,79.0,215.0,Sr.,Pennsylvania,,2023,Purdue,True,False,21.0
Evan Mahaffey,G,78.0,200.0,So.,Ohio,Archbishop Moeller,2023,Ohio_State,True,False,19.0
Even Brauns,C,81.0,245.0,Sr.,Iowa,Belmont,2023,Iowa,True,True,21.0
Favour Aire,F,83.0,220.0,Sophomore,Nigeria,Miami (Fla.),2023,Penn_State,False,True,19.0
Felix Okpara,C,83.0,235.0,So.,Nigeria,Hamilton Heights Christian Acad./Link Acad.,2023,Ohio_State,False,False,19.0
Fletcher Loyer,G,76.0,180.0,So.,Indiana,,2023,Purdue,True,False,19.0
Gabe Cupps,G,74.0,175.0,Fr.,Ohio,,2023,Indiana,True,False,18.0
Gavin Griffiths,G,80.0,193.0,Fr.,Connecticut,,2023,Rutgers,True,False,18.0
Gehrig Normand,G,77.0,190.0,Fr.,Texas,,2023,Michigan_State,True,False,18.0
George Washington III,G,74.0,170.0,Fr.,Texas,,2023,Michigan,True,False,18.0
Gus Hurlburt,F,81.0,210.0,So.,North Dakota,,2023,Northwestern,True,False,19.0
Gus Yalden,F,81.0,245.0,Fr.,Wisconsin,,2023,Wisconsin,True,False,18.0
Harrison Hochberg,F,79.0,225.0,Fr.,New York,,2023,Michigan,True,False,18.0
Henry Burt,F,79.0,216.0,Redshirt Freshman,Nebraska,Elkhorn South,2023,Nebraska,True,False,19.0
Ian Burns,G,78.0,205.0,Jr.,Illinois,,2023,Michigan,True,False,20.0
Ian Stephens,G,78.0,180.0,Fr.,Indiana,,2023,Indiana,True,False,18.0
Isaac Gard,G,74.0,165.0,So.,Wisconsin,,2023,Wisconsin,True,False,19.0
Isaac Lindsey,G,76.0,185.0,Jr.,Wisconsin,,2023,Wisconsin,True,True,20.0
Isaiah Ihnen,F,81.0,220.0,R-Jr.,Germany,IBA Munich,2023,Minnesota,False,False,21.0
Jace Howard,G,80.0,225.0,Jr.,Florida,,2023,Michigan,True,False,20.0
Jace Rayl,G,71.0,170.0,Fr.,Indiana,,2023,Purdue,True,False,18.0
Jack Janicki,G,77.0,190.0,Fr.,Minnesota,,2023,Wisconsin,True,False,18.0
Jack Wilson,C,83.0,285.0,Gr.,California,Junipero Serra HS,2023,Minnesota,True,True,23.0
Jackson Creel,G,75.0,190.0,Jr.,Illinois,Rend Lake College,2023,Indiana,True,True,20.0
Jackson Purcell,G,77.0,195.0,R-So.,Minnesota,Eastview,2023,Minnesota,True,False,20.0
Jackson Selvala,F,79.0,230.0,5th,Connecticut,,2023,Michigan,True,True,23.0
Jacob Morales,G,76.0,205.0,So.,New Jersey,,2023,Rutgers,True,False,19.0
Jaden Akins,G,76.0,190.0,Jr.,Michigan,,2023,Michigan_State,True,False,20.0
Jaelin Llewellyn,G,74.0,190.0,Gr.,Ontario,,2023,Michigan,False,True,23.0
Jahari Long,G,77.0,200.0,Sr.,Texas,,2023,Maryland,True,True,21.0
Jahmir Young,G,73.0,185.0,5th,Maryland,,2023,Maryland,True,True,23.0
Jahnathan  Lamothe,G,76.0,192.0,Fr.,Maryland,,2023,Maryland,True,False,18.0
Jakai Newton,G,75.0,203.0,Fr.,Georgia,,2023,Indiana,True,False,18.0
Jamarques Lawrence,G,75.0,183.0,Sophomore,New Jersey,Roselle Catholic,2023,Nebraska,True,False,19.0
Jameel Brown,G,76.0,188.0,Sophomore,Pennsylvania,,2023,Penn_State,True,False,19.0
James Goodis,G,72.0,175.0,Fr.,Florida,,2023,Indiana,True,False,18.0
Jamichael Davis,G,74.0,175.0,Fr.,Tennessee,,2023,Rutgers,True,False,18.0
"Jamie  Kaiser, Jr.",F,78.0,205.0,Fr.,Virginia,,2023,Maryland,True,False,18.0
Jamison Battle,F,79.0,220.0,5th,Minnesota,DeLaSalle,2023,Ohio_State,True,True,23.0
Jarron Coleman,G,77.0,213.0,Senior,Indiana,Ball State,2023,Nebraska,True,True,21.0
Jaxon Kohler,F,81.0,245.0,So.,Utah,,2023,Michigan_State,True,False,19.0
Jeffrey Grace III,G,75.0,197.0,Sophomore,Illinois,Arizona State,2023,Nebraska,True,False,19.0
Jeremiah Williams,G,76.0,177.0,R-Jr.,Illinois,,2023,Rutgers,True,True,21.0
Jeremy Fears Jr.,G,74.0,190.0,Fr.,Illinois,,2023,Michigan_State,True,False,18.0
John Blackwell,G,76.0,194.0,Fr.,Michigan,,2023,Wisconsin,True,False,18.0
Jordan  Geronimo,F,78.0,225.0,Sr.,New Jersey,,2023,Maryland,True,True,21.0
Jordan Clayton,G,74.0,180.0,Fy.,Massachusetts,,2023,Northwestern,True,False,18.0
Jordan Rayford,G,77.0,205.0,R-Fr.,D.C.,Air Force,2023,Indiana,True,False,19.0
Josh Dix,G,77.0,200.0,So.,Iowa,,2023,Iowa,True,False,19.0
Josh Furst,F,78.0,200.0,Fr.,Indiana,,2023,Purdue,True,False,18.0
Joshua Ola-Joseph,F,79.0,215.0,So.,Minnesota,Compass Prep,2023,Minnesota,True,False,19.0
Josiah Allick,F,80.0,231.0,Senior,Nebraska,New Mexico,2023,Nebraska,True,True,21.0
Jovone Cater,G,74.0,180.0,Sr.,New York,,2023,Iowa,True,False,21.0
Julian Reese,F,81.0,230.0,Jr.,Maryland,,2023,Maryland,True,False,20.0
Justin Harmon,G,76.0,180.0,Gr.,Illinois,,2023,Illinois,True,True,23.0
Justin Mullins,G,78.0,190.0,So.,Illinois,Denver,2023,Northwestern,True,True,19.0
Juwan Gary,F,78.0,221.0,Junior,South Carolina,Alabama,2023,Nebraska,True,True,20.0
Kadyn Betts,F,80.0,220.0,R-Fr.,Colorado,Pueblo Central,2023,Minnesota,True,False,19.0
Kaleb Banks,F,80.0,220.0,So.,Georgia,,2023,Indiana,True,False,19.0
Kalen Etzler,F,80.0,190.0,R-So.,Ohio,Crestview,2023,Ohio_State,True,False,20.0
Kamari McGee,G,72.0,180.0,Jr.,Wisconsin,,2023,Wisconsin,True,True,20.0
Kanye Clary,G,71.0,195.0,Sophomore,Virginia,,2023,Penn_State,True,False,19.0
Keaton Kutcher,G,74.0,200.0,Jr.,Iowa,,2023,Illinois,True,True,20.0
Keisei Tominaga,G,74.0,179.0,Senior,Japan,Ranger College,2023,Nebraska,False,True,21.0
Kel'el Ware,C,84.0,242.0,So.,Arkansas,Oregon,2023,Indiana,True,True,19.0
Kris Keinys,F,80.0,215.0,Fr.,Lithuania,Klaipedos Vytauto Did??iojo gimnazija,2023,Minnesota,False,False,18.0
Ladji Dembele,F,80.0,250.0,Fr.,New Jersey,,2023,Iowa,True,False,18.0
Lance Jones,G,73.0,200.0,5th,Illinois,,2023,Purdue,True,True,23.0
Leo O'Boyle,F,79.0,225.0,Graduate Student,Pennsylvania,Lafayette,2023,Penn_State,True,True,23.0
Luc Laketa,G,77.0,185.0,Jr.,Michigan,Winchendon (MA),2023,Iowa,True,False,20.0
Lukas Sotell,G,75.0,170.0,Fr.,Connecticut,,2023,Maryland,True,False,18.0
Luke Goode,G/F,79.0,205.0,Jr.,Indiana,,2023,Illinois,True,False,20.0
Luke Haertle,G,76.0,215.0,R-Fr.,Wisconsin,,2023,Wisconsin,True,False,19.0
Luke Hunger,F,82.0,255.0,So.,Quebec,,2023,Northwestern,False,False,19.0
Mackenzie Mgbako,F,80.0,217.0,Fr.,New Jersey,,2023,Indiana,True,False,18.0
Mady  Traore,F,83.0,195.0,So.,France,,2023,Maryland,False,True,19.0
Mady Sissoko,C,81.0,250.0,Sr.,Mali,,2023,Michigan_State,False,False,21.0
Malik Hall,F,80.0,220.0,Gr.,Illinois,,2023,Michigan_State,True,False,23.0
Malik Reneau,F,81.0,233.0,So.,Florida,,2023,Indiana,True,False,19.0
Marcus Domask,G/F,78.0,215.0,Gr.,Wisconsin,,2023,Illinois,True,True,23.0
Markus Ilver,F,81.0,225.0,Jr.,Estonia,,2023,Wisconsin,False,False,20.0
Mason Gillis,F,78.0,225.0,Sr.,Indiana,,2023,Purdue,True,False,21.0
Matar Diop,F,82.0,213.0,Freshman,Senegal,Keystone Athletic Academy,2023,Nebraska,False,False,18.0
Matthew Nicholson,C,84.0,280.0,Sr.,Michigan,,2023,Northwestern,True,False,21.0
Mawot Mag,F,79.0,216.0,Sr.,Australia,,2023,Rutgers,False,False,21.0
Max Klesmit,G,76.0,200.0,Jr.,Wisconsin,,2023,Wisconsin,True,True,20.0
Max Williams,G,74.0,200.0,Sr.,Illinois,,2023,Illinois,True,True,21.0
Mike Mitchell Jr.,G,74.0,185.0,Jr.,California,Archbishop Mitty,2023,Minnesota,True,True,20.0
Myles Colvin,G,77.0,200.0,Fr.,Indiana,,2023,Purdue,True,False,18.0
Niccolo Moretti,G,73.0,170.0,R-Fr.,Italy,,2023,Illinois,False,False,19.0
Nick Kern Jr.,G,78.0,200.0,Junior,Missouri,VCU,2023,Penn_State,True,True,20.0
Nick Martinelli,F,79.0,200.0,So.,Illinois,,2023,Northwestern,True,False,19.0
Nick Sanders,G,70.0,185.0,So.,Michigan,,2023,Michigan_State,True,False,19.0
Nimari Burnett,G,76.0,200.0,Gr.,Illinois,,2023,Michigan,True,True,23.0
Noah Batchelor,G,78.0,185.0,So.,Maryland,,2023,Maryland,True,False,19.0
Noah Fernandes,G,71.0,180.0,5th,Massachusetts,,2023,Rutgers,True,True,23.0
Nolan Winter,F,83.0,220.0,Fr.,Minnesota,,2023,Wisconsin,True,False,18.0
Olivier Nkamhoua,F,81.0,235.0,Gr.,Finland,,2023,Michigan,False,True,23.0
Oskar Palmquist,F,80.0,220.0,R-Sr.,Sweden,,2023,Rutgers,False,False,22.0
Owen Freeman,F,82.0,230.0,Fr.,Illinois,,2023,Iowa,True,False,18.0
Owen Spencer,F,81.0,230.0,Sr.,Ohio,Turpin,2023,Ohio_State,True,True,21.0
Parker Fox,F,80.0,220.0,R-Sr.,Minnesota,Mahtomedi,2023,Minnesota,True,True,22.0
Parker Strauss,G,75.0,180.0,Fy.,California,,2023,Northwestern,True,False,18.0
Patrick McCaffery,F,81.0,212.0,RS Sr.,Iowa,,2023,Iowa,True,False,22.0
Payton Sandfort,F,79.0,215.0,Jr.,Iowa,,2023,Iowa,True,False,20.0
Payton Sparks,F,82.0,258.0,Jr.,Indiana,Ball State,2023,Indiana,True,True,20.0
Pharrel Payne,F,81.0,255.0,So.,Minnesota,Park High School Cottage Grove,2023,Minnesota,True,False,19.0
Pryce Sandfort,F,78.0,205.0,Fr.,Iowa,,2023,Iowa,True,False,18.0
Puff Johnson,G,80.0,205.0,Senior,Pennsylvania,North Carolina,2023,Penn_State,True,True,21.0
Qudus Wahab,F,83.0,245.0,Graduate Student,Nigeria,Georgetown/Maryland,2023,Penn_State,False,True,23.0
Quincy Guerrier,G/F,80.0,230.0,Gr.,Quebec,,2023,Illinois,False,True,23.0
Ramel Lloyd Jr.,G,78.0,210.0,Redshirt Freshman,California,Sierra Canyon,2023,Nebraska,True,False,19.0
RayQuawndis Mitchell,G,77.0,195.0,Graduate Student,Minnesota,Kansas City/UIC/Otero JC/Idaho,2023,Penn_State,True,True,23.0
Rienk Mast,F,82.0,248.0,Junior,Netherlands,Bradley,2023,Nebraska,False,True,20.0
Riley Mulvey,F,83.0,245.0,Jr.,New York,,2023,Iowa,True,False,20.0
Roddy Gayle Jr.,G,76.0,210.0,So.,New York,Lewiston-Porter,2023,Ohio_State,True,False,19.0
Ross Candelino,G,77.0,195.0,So.,Florida,,2023,Wisconsin,True,False,19.0
Ryan Langborg,G,76.0,195.0,Gr.,California,Princeton,2023,Northwestern,True,True,23.0
Sam Hoiberg,G,72.0,183.0,Sophomore,Nebraska,Pius X,2023,Nebraska,True,False,19.0
Sam King,F,80.0,220.0,So.,Indiana,,2023,Purdue,True,False,19.0
Scotty Middleton,G,79.0,190.0,Fr.,Florida,Sunrise Christian,2023,Ohio_State,True,False,18.0
Sencire Harris,G,76.0,170.0,So.,Ohio,,2023,Illinois,True,False,19.0
Shaan Burke,G,77.0,195.0,Jr.,California,,2023,Indiana,True,False,20.0
Spencer Hutchison,G,76.0,202.0,RS Fr.,Texas,,2023,Iowa,True,False,
Steven Crowl,F,84.0,247.0,Jr.,Minnesota,,2023,Wisconsin,True,False,20.0
Steven Izzo,G,68.0,150.0,Gr.,Michigan,,2023,Michigan_State,True,False,23.0
Taison Chatman,G,76.0,175.0,Fr.,Minnesota,Totino-Grace,2023,Ohio_State,True,False,18.0
Tarris Reed Jr.,F,82.0,265.0,So.,Missouri,,2023,Michigan,True,False,19.0
Terrance Williams II,F,79.0,225.0,Sr.,Maryland,,2023,Michigan,True,False,21.0
Terrence Shannon Jr.,G,78.0,225.0,5th,Illinois,,2023,Illinois,True,True,23.0
Tony Perkins,G,76.0,205.0,Sr.,Indiana,,2023,Iowa,True,False,21.0
Tray Jackson,F,82.0,215.0,Gr.,Michigan,,2023,Michigan,True,True,23.0
Tre Holloman,G,74.0,180.0,So.,Minnesota,,2023,Michigan_State,True,False,19.0
Trey Galloway,G,77.0,205.0,Sr.,Indiana,,2023,Indiana,True,False,21.0
Trey Kaufman-Renn,F,81.0,230.0,So.,Indiana,,2023,Purdue,True,False,19.0
Ty Berry,G,75.0,185.0,Sr.,Kansas,,2023,Northwestern,True,False,21.0
Ty Rodgers,G/F,78.0,210.0,So.,Michigan,,2023,Illinois,True,False,19.0
Tyler Wahl,F,81.0,225.0,Gr.,Minnesota,,2023,Wisconsin,True,False,23.0
Tyson Walker,G,73.0,185.0,Gr.,New York,,2023,Michigan_State,True,True,23.0
Will Berg,C,86.0,255.0,R-Fr.,Sweden,,2023,Purdue,False,False,19.0
Will Ramberg,G,77.0,205.0,Sr.,Minnesota,Cook County,2023,Minnesota,True,True,21.0
Will Tschetter,F,80.0,245.0,R-So.,Minnesota,,2023,Michigan,True,False,20.0
Xavier Booker,F,83.0,220.0,Fr.,Indiana,,2023,Michigan_State,True,False,18.0
Xavier Johnson,G,75.0,200.0,R-Sr.+,Virginia,Pitt,2023,Indiana,True,True,24.0
Youssef Khayat,F,81.0,215.0,So.,Lebanon,,2023,Michigan,False,False,19.0
Zach Edey,C,88.0,300.0,Sr.,Ontario,,2023,Purdue,False,False,21.0
Zach Hayn,G,74.0,195.0,Gr.,New York,,2023,Rutgers,True,True,23.0
Zach Hicks,F,80.0,200.0,Junior,New Jersey,Temple,2023,Penn_State,True,True,20.0
Zed Key,F,80.0,230.0,Sr.,New York,,2023,Ohio_State,True,False,21.0
